HOSPITAL_NAME,COPD_COUNT,PCT_OF_COPD_CASES_OVER_BEDS,AVG_SCORE,AVG_RISK
ST.LUKE'S,164,20.5,301.9268292682927,15.096341463414635
SAINT LOUIS UNIVERSITY,164,16.400000000000002,288.4817073170732,14.42408536585367
BJC,184,9.2,300.82608695652175,15.041304347826092
MISSOURI BAPTIST,161,20.125,300.82608695652175,15.04130434782608
BJC WEST COUNTY,171,17.1,304.09941520467834,15.204970760233916
ST.MARY'S,156,31.2,302.12179487179486,15.106089743589742
